stratum,sample_position,primary_id,registry,title,status_raw,triage,sample_decision,review_note
q1,1,ACTRN12625001047482,Australian New Zealand Clinical Trials Registry,Assessing the influence of photobiomodulation on inflammatory biomarkers in patients with Temporomandibular disorders,Not Recruiting,high_specificity_candidate,in_scope,Explicit PBM/low-level therapy and clinical intervention are clear in the export.
q1,2,CTRI/2024/06/069252,Clinical Trials Registry - India,The effects of low level laser therapy after flap surgery in patients with chronic peridodo titis,Not Recruiting,high_specificity_candidate,in_scope,Explicit PBM/low-level therapy and clinical intervention are clear in the export.
q1,3,CTRI/2025/09/094909,Clinical Trials Registry - India,Effect of small bone perforations with and without low-level laser treatment on speeding up tooth movement during straightening of crowded lower front teeth: A randomized controlled trial,Not Recruiting,high_specificity_candidate,in_scope,Explicit PBM/low-level therapy and clinical intervention are clear in the export.
q1,4,CTRI/2026/05/111438,Clinical Trials Registry - India,A Study to Compare Laser Treatment and Electric Toothbrush Vibrations for Reducing Braces Treatment Time,Not Recruiting,high_specificity_candidate,in_scope,Explicit PBM/low-level therapy and clinical intervention are clear in the export.
q1,5,IRCT20121216011770N5,Iranian Registry of Clinical Trials,The effect of LED Photobiomodulation on stability of dental implants in bone grafted cases,Not Recruiting,high_specificity_candidate,in_scope,Explicit PBM/low-level therapy and clinical intervention are clear in the export.
q1,6,JPRN-jRCTs032230339,Japan Primary Registries Network (JPRN/jRCT),Clinical Research of Invisible light stimulation to dementia or mild cognitive impairment patients,Not Recruiting,high_specificity_candidate,in_scope,Explicit PBM/low-level therapy and clinical intervention are clear in the export.
q1,7,NCT03696706,ClinicalTrials.gov,Photobiomodulation With Red and Infrared LED Device for Temporomandibular Dysfunction,Not recruiting,high_specificity_candidate,in_scope,Explicit PBM/low-level therapy and clinical intervention are clear in the export.
q1,8,NCT04276402,ClinicalTrials.gov,Effect of Photobiomodulation by 808nm Diode Laser on the Stability of Orthodontic Mini-implants.,Not recruiting,high_specificity_candidate,in_scope,Explicit PBM/low-level therapy and clinical intervention are clear in the export.
q1,9,NCT05041231,ClinicalTrials.gov,Effects of Using Custom Photobiomodulation Therapy for the Treatment of Osteoarthritis of the Fingers and Rhizarthrosis,Not recruiting,high_specificity_candidate,in_scope,Explicit PBM/low-level therapy and clinical intervention are clear in the export.
q1,10,NCT05550948,ClinicalTrials.gov,Use of Transcranial Photobiomodulation to Improve Cognition and Self-Reported Outcomes in Survivors of Childhood Cancer,Not recruiting,high_specificity_candidate,in_scope,Explicit PBM/low-level therapy and clinical intervention are clear in the export.
q1,11,NCT06065969,ClinicalTrials.gov,Photobiomodulation Dosimetry s in Patients With Orofacial Pain,Not recruiting,high_specificity_candidate,in_scope,Explicit PBM/low-level therapy and clinical intervention are clear in the export.
q1,12,NCT06538142,ClinicalTrials.gov,Photobiomodulation and New Restorative Material for Teeth With MIH on Control of Hypersensitivity and Longevity,Not recruiting,high_specificity_candidate,in_scope,Explicit PBM/low-level therapy and clinical intervention are clear in the export.
q1,13,NCT07079969,ClinicalTrials.gov,Effects of Photobiomodulation on Inflammation and Chronic Pain in Knee Osteoarthritis (EPIC-KO),Not recruiting,high_specificity_candidate,in_scope,Explicit PBM/low-level therapy and clinical intervention are clear in the export.
q1,14,NCT07511803,ClinicalTrials.gov,Photobiomodulation on Recovery in Female Futsal Athletes,Not recruiting,high_specificity_candidate,in_scope,Explicit PBM/low-level therapy and clinical intervention are clear in the export.
q1,15,PACTR202010727816326,Pan African Clinical Trial Registry,"Effect of Photobiomodulation Therapy on Trunk Flexor Performance after Incisional Hernia Repair: A Double-Blinded, Parallel Groups, Randomized Controlled Trial",Not Recruiting,high_specificity_candidate,manual_review,"Title is PBM-specific, but intervention arm details are absent in export."
q1,16,RBR-2x4zkwm,Brazilian Clinical Trials Registry (ReBEC),Low-level laser therapy to reduce pain and improve healing after vaginal birth injuries,Recruiting,high_specificity_candidate,in_scope,Explicit PBM/low-level therapy and clinical intervention are clear in the export.
q1,17,RBR-4mhhqzk,Brazilian Clinical Trials Registry (ReBEC),Effect of laser therapy on the physical capacity of patients with type 2 diabetes,Not Recruiting,high_specificity_candidate,in_scope,Explicit PBM/low-level therapy and clinical intervention are clear in the export.
q1,18,RBR-6ds3pfs,Brazilian Clinical Trials Registry (ReBEC),Effects of Photobiomodulation combined with Physiotherapy in the treatment of Tennis Elbow,Not Recruiting,high_specificity_candidate,in_scope,Explicit PBM/low-level therapy and clinical intervention are clear in the export.
q1,19,RBR-7rc2t5j,Brazilian Clinical Trials Registry (ReBEC),Effect of Transcutaneous Radiation in Hypertensive Patients: Application to the Radial Artery,Not Recruiting,high_specificity_candidate,manual_review,Title says transcutaneous radiation; exported intervention text does not establish therapeutic red/NIR light.
q1,20,RBR-9r769bf,Brazilian Clinical Trials Registry (ReBEC),Effects of Low-level Laser Therapy on the performance of the gluteus medius muscle,Not Recruiting,high_specificity_candidate,in_scope,Explicit PBM/low-level therapy and clinical intervention are clear in the export.
q2,1,CTRI/2015/06/005933,Clinical Trials Registry - India,Laser: A new ray of hope in the management of symptoms of Temporomandibular disorder,Not Recruiting,high_specificity_candidate,in_scope,Explicit low-level light/laser therapy in trial title or intervention; details generally consistent with therapeutic PBM.
q2,2,CTRI/2021/05/033809,Clinical Trials Registry - India,Comparing the effectiveness of three different treatment options for pain in the jaw joint and its relevance to long lasting neck pain.,Not Recruiting,high_specificity_candidate,in_scope,Explicit low-level light/laser therapy in trial title or intervention; details generally consistent with therapeutic PBM.
q2,3,CTRI/2024/03/063447,Clinical Trials Registry - India,"Use of low level laser therapy, a non-invasive, low intensity LED for surgical scar following surgeries in the abdomen to promote scar healing and to reduce pain",Not Recruiting,high_specificity_candidate,in_scope,Explicit low-level light/laser therapy in trial title or intervention; details generally consistent with therapeutic PBM.
q2,4,CTRI/2025/05/087583,Clinical Trials Registry - India,"""""Comparing Laser and Ultrasound Therapy for Jaw Joint Pain: A Clinical Study""""",Not Recruiting,high_specificity_candidate,in_scope,Explicit low-level light/laser therapy in trial title or intervention; details generally consistent with therapeutic PBM.
q2,5,CTRI/2026/03/106485,Clinical Trials Registry - India,"EFFICACY OF LOW LEVEL LASER THERAPY, KATUPILA TAILA DRESSING AS STANDALONE THERAPIES AND AS A COMBINATION IN MANAGEMENT OF GRADE 1 AND 2 DIABETIC FOOT ULCER.",Not Recruiting,high_specificity_candidate,manual_review,Intervention field is empty; query hit alone cannot establish modality.
q2,6,DRKS00020140,German Clinical Trials Register,Low Level Light Therapy in the Treatment of Meibomian Gland Dysfunction,Not Recruiting,high_specificity_candidate,manual_review,"LLLT device is named, but wavelength/device parameters are absent from exported fields."
q2,7,IRCT2016011926099N1,Iranian Registry of Clinical Trials,Effect of low level laser therapy on scar formation after cesarean section.,Not Recruiting,high_specificity_candidate,in_scope,Explicit low-level light/laser therapy in trial title or intervention; details generally consistent with therapeutic PBM.
q2,8,IRCT20191107045357N2,Iranian Registry of Clinical Trials,Evaluation of Low level laser therapy against radiation induced mucositis,Not Recruiting,high_specificity_candidate,in_scope,Explicit low-level light/laser therapy in trial title or intervention; details generally consistent with therapeutic PBM.
q2,9,IRCT20251102067861N1,Iranian Registry of Clinical Trials,Studying the effect of laser in patients with temporomandibular joint problems,Recruiting,manual_review,manual_review,Export reports an implausible 10 nm treatment wavelength; verify source record.
q2,10,NCT00860717,ClinicalTrials.gov,The Use of Low Level Laser Therapy for Wound Healing in Leprosy Patients,Not recruiting,high_specificity_candidate,in_scope,Explicit low-level light/laser therapy in trial title or intervention; details generally consistent with therapeutic PBM.
q2,11,NCT02239042,ClinicalTrials.gov,Effect of Low-level Laser Therapy on Palatal Wound Healing,Not recruiting,high_specificity_candidate,in_scope,Explicit low-level light/laser therapy in trial title or intervention; details generally consistent with therapeutic PBM.
q2,12,NCT02931734,ClinicalTrials.gov,Assessment of Different Protocols for Cervical Dentin Hypersensitivity Treatment,Not recruiting,high_specificity_candidate,in_scope,Explicit low-level light/laser therapy in trial title or intervention; details generally consistent with therapeutic PBM.
q2,13,NCT03788642,ClinicalTrials.gov,Low-level Laser Therapy for the Treatment of Diabetic Foot Ulcer,Not recruiting,high_specificity_candidate,in_scope,Explicit low-level light/laser therapy in trial title or intervention; details generally consistent with therapeutic PBM.
q2,14,NCT04641156,ClinicalTrials.gov,Effect of Physical Therapy Exercise Program and Low-Level Laser Therapy on the Treatment of Cervicogenic Somatosensory Tinnitus,Not recruiting,high_specificity_candidate,in_scope,Explicit low-level light/laser therapy in trial title or intervention; details generally consistent with therapeutic PBM.
q2,15,NCT05403931,ClinicalTrials.gov,The Effectiveness of Low Level Laser Therapy on Particular Joint Points and Acupuncture Points on Knee Joints in Grade III Knee Osteoarthritis,Recruiting,high_specificity_candidate,in_scope,Explicit low-level light/laser therapy in trial title or intervention; details generally consistent with therapeutic PBM.
q2,16,NCT06217731,ClinicalTrials.gov,Inflammatory Markers in Saliva of Patients With Burning Mouth Syndrome,Not recruiting,high_specificity_candidate,manual_review,Laser modality and wavelength are not specified in export; leave for manual review.
q2,17,NCT06867276,ClinicalTrials.gov,Low Level Laser Versus Polarized Light in the Treatment of Acne Vulgaris,Not recruiting,manual_review,out_of_scope,Unrelated use or non-PBM modality in exported fields.
q2,18,NCT07467850,ClinicalTrials.gov,Dual Stimulation for Spinal Cord Injury,Not recruiting,high_specificity_candidate,in_scope,Explicit low-level light/laser therapy in trial title or intervention; details generally consistent with therapeutic PBM.
q2,19,PACTR202305667568585,Pan African Clinical Trial Registry,Efficacy of laser acupuncture on neurophysiological parameters of median nerve in postpartum women: A randomized Controlled Clinical Trial,Not Recruiting,manual_review,manual_review,Unrelated use or non-PBM modality in exported fields.
q2,20,RBR-8cyqk93,Brazilian Clinical Trials Registry (ReBEC),"Influence of low-level laser therapy on cheek fat removal on face measures, satisfaction with facial aesthetics and quality of life: a clinical trial",Recruiting,high_specificity_candidate,in_scope,LLLT appears as an adjunct to buccal fat removal; verify intended effect and parameters in registry.
q3,1,ACTRN12625000540415,Australian New Zealand Clinical Trials Registry,Diagnose underlying aetiology with Intravascular Assessment versus Cardiac Magnetic Resonance Imaging in patients with Myocardial Infarction with Non-Obstructive Coronary Arteries (DETECT-MINOCA),Recruiting,manual_review,out_of_scope,"Near-infrared appears in diagnostic imaging pathway, unrelated to PBM intervention."
q3,2,ChiCTR2100045834,Chinese Clinical Trial Registry,Comparison of the effect of low-level red light and 0.01% atropine eyedrops in myopia control,Recruiting,manual_review,in_scope,Explicit therapeutic red/NIR/LED treatment is plausible from title/intervention.
q3,3,ChiCTR2500103524,Chinese Clinical Trial Registry,Efficiency of Different Power of Single-wavelength Red Light (650 nm) Controls Myopia Progression in Adolescents: a Prospective Multicentre Randomized Controlled Trail,Recruiting,manual_review,in_scope,Explicit therapeutic red/NIR/LED treatment is plausible from title/intervention.
q3,4,IRCT20230725058918N1,Iranian Registry of Clinical Trials,The effect of red and infrared LED light on labor pain and length,Not Recruiting,manual_review,in_scope,Explicit therapeutic red/NIR/LED treatment is plausible from title/intervention.
q3,5,JPRN-jRCTs041200001,Japan Primary Registries Network (JPRN/jRCT),Study about the effectiveness of localization and drainage lymph flow confirmation of colorectal cancer using near infrared light.,Recruiting,manual_review,out_of_scope,Near-infrared plus ICG is used for diagnostic lymphatic mapping.
q3,6,NCT02867150,ClinicalTrials.gov,A Retrospective Analysis of the Effects of Red Light Therapy on Body Contouring,Not recruiting,manual_review,manual_review,Body-contouring red-light use has uncertain mechanism and parameters; manual scope review.
q3,7,NCT03750409,ClinicalTrials.gov,Assessing Feasibility of Prolonged Repetitive Near Infrared Light Stimulation in Early to Mid-Stage Dementia,Not recruiting,manual_review,manual_review,"NIR stimulation likely therapeutic, but export omits wavelength and treatment description."
q3,8,NCT05871840,ClinicalTrials.gov,Effectiveness and Safety of Repeated Low-Level Red-Light Therapy on Myopia Control Among Children and Adolescents,Not recruiting,manual_review,in_scope,Explicit therapeutic red/NIR/LED treatment is plausible from title/intervention.
q3,9,NCT07128810,ClinicalTrials.gov,Parent Child Interaction Therapy vs Conventional Parent Led Therapy in Down Syndrome,Not recruiting,manual_review,out_of_scope,Interventions are behavioral therapy; no PBM intervention is shown.
q3,10,RBR-4253s4,Brazilian Clinical Trials Registry (ReBEC),LED therapy in muscle fatigue,Not Recruiting,manual_review,in_scope,Explicit therapeutic red/NIR/LED treatment is plausible from title/intervention.
