registry,official_search_url,prior_ICTRP_id_count_priority_only,direct_test_date,direct_search_result,export_or_api_test,reuse_status,next_step
ClinicalTrials.gov,https://clinicaltrials.gov/search,983,2026-10-02,"3 API v2 term queries completed; 2943 raw rows and 2356 unique NCT IDs",API v2 pages saved; page 2 omitted totalCount; terms require current data and displayed source processing date; processing date not present in saved response,pending,"Resolve freshness and source processing-date requirements, document exact changes, then clear or exclude source"
Brazilian Clinical Trials Registry (ReBEC),https://ensaiosclinicos.gov.br/api2/,343,2026-10-02,"Advanced-search page loads; its result API returns 404 and UI shows API error",CSV/XLSX buttons visible but empty results,pending,"Re-test official search; if rows appear for user, request source-native CSV"
Clinical Trials Registry - India (CTRI),https://ctri.nic.in/Clinicaltrials/advancesearchmain.php,407,2026-10-01,"Public search route found; search-by-ID presents human verification",No bulk export verified,pending,"Human-run native search if needed; confirm export and terms"
Iranian Registry of Clinical Trials (IRCT),https://www.irct.ir/search,198,2026-10-01,"Public search and record pages found",Individual XML/PDF reported; no bulk API verified,pending,"Run native term search and test export"
Chinese Clinical Trial Registry (ChiCTR),https://www.chictr.org.cn/searchprojEN.html,95,2026-10-02,"One official record page opened; native search URL WAF-blocked this browser",Per-record XML download link visible; no bulk export verified,pending,"Ask for a human native search/export if this source is in scope"
Australian New Zealand Clinical Trials Registry (ANZCTR),https://www.anzctr.org.au/TrialSearch.aspx,66,2026-10-01,"Not directly searched this pass",Search-result Excel export previously identified; automation terms require verification,pending,"Test term search; check limits on automated collection"
Japan Primary Registries Network (JPRN/jRCT),https://jrct.niph.go.jp/,34,2026-10-01,"Not directly searched this pass",No bulk API/export verified,pending,"Search jRCT directly; record native status labels"
ISRCTN,https://www.isrctn.com/search,22,2026-10-01,"Not directly searched this pass",CSV/XML access previously identified; metadata terms reported CC0,verify current terms,"Read current reuse terms and test query/export"
Thai Clinical Trials Register (TCTR),https://www.thaiclinicaltrials.org/,23,2026-10-01,"Not directly searched this pass",No bulk API/export verified,pending,"Find current official search and export"
Clinical Research Information Service (CRiS),https://cris.nih.go.kr/,19,2026-10-01,"Not directly searched this pass",No usable bulk endpoint verified,pending,"Test official search and language requirements"
Pan African Clinical Trial Registry (PACTR),https://pactr.samrc.ac.za/,16,2026-10-01,"Not directly searched this pass",No bulk API/export verified,pending,"Test official search and source terms"
Overview of Medical Research in the Netherlands (OMON),https://onderzoekmetmensen.nl/en,15,2026-10-01,"Not directly searched this pass",No bulk API/export verified,pending,"Test current direct source; verify legacy NTR mapping"
German Clinical Trials Register (DRKS),https://drks.de/search/en,7,2026-10-01,"Not directly searched this pass",CSV/JSON/XML options previously identified; terms checkbox reported,pending,"Test export route and current conditions"
International Traditional Medicine Clinical Trial Registry (ITMCTR),https://itmctr.ccebtcm.org.cn/,4,2026-10-01,"Not directly searched this pass",No bulk API/export verified,pending,"Identify current official search and scope"
Cuban Public Registry of Clinical Trials (RPCEC),https://rpcec.sld.cu/,0,2026-10-01,"No earlier ICTRP hits; direct search not tested",No bulk API/export verified,pending,"Search once in broad coverage phase"
Clinical Trials Information System (CTIS),https://euclinicaltrials.eu/search-for-clinical-trials/,0,2026-10-01,"No earlier ICTRP hits; direct search not tested",Public search; bulk/API not verified,pending,"Search direct because CTIS is outside the historic ICTRP provider count"
EU Clinical Trials Register (EU-CTR),https://www.clinicaltrialsregister.eu/ctr-search/search,0,2026-10-01,"No earlier ICTRP hits; direct search not tested",Legacy search/download,pending,"Check legacy records and CTIS overlap"
Lebanese Clinical Trials Registry (LBCTR),,0,2026-10-01,"No earlier ICTRP hits; direct search not tested",No bulk API/export verified,pending,"Find current official registry entry and search"
Peruvian Clinical Trials Registry (REPEC),,0,2026-10-01,"No earlier ICTRP hits; direct search not tested",No bulk API/export verified,pending,"Find current official registry entry and search"
Sri Lanka Clinical Trials Registry (SLCTR),,0,2026-10-01,"No earlier ICTRP hits; direct search not tested",No bulk API/export verified,pending,"Find current official registry entry and search"
